id,name,age,city,score,signup_date
1,Name_1,56,Seattle,84,2020-01-01
2,Name_2,46,San Francisco,57,2020-01-02
3,Name_3,32,Boston,95,2020-01-03
4,Name_4,60,New York,63,2020-01-04
5,Name_5,25,Seattle,59,2020-01-05
6,Name_6,38,New York,51,2020-01-06
7,Name_7,56,New York,95,2020-01-07
8,Name_8,36,New York,58,2020-01-08
9,Name_9,40,Chicago,52,2020-01-09
10,Name_10,28,Chicago,70,2020-01-10
11,Name_11,28,New York,75,2020-01-11
12,Name_12,41,Seattle,57,2020-01-12
13,Name_13,53,Boston,97,2020-01-13
14,Name_14,57,Boston,51,2020-01-14
15,Name_15,41,San Francisco,55,2020-01-15
16,Name_16,20,Seattle,77,2020-01-16
17,Name_17,39,Chicago,78,2020-01-17
18,Name_18,19,New York,75,2020-01-18
19,Name_19,41,San Francisco,74,2020-01-19
20,Name_20,61,Boston,61,2020-01-20
21,Name_21,47,Chicago,54,2020-01-21
22,Name_22,55,Chicago,83,2020-01-22
23,Name_23,19,New York,97,2020-01-23
24,Name_24,38,Boston,86,2020-01-24
25,Name_25,50,Seattle,64,2020-01-25
26,Name_26,29,Chicago,93,2020-01-26
27,Name_27,39,New York,85,2020-01-27
28,Name_28,61,Seattle,64,2020-01-28
29,Name_29,42,Boston,92,2020-01-29
30,Name_30,44,Chicago,97,2020-01-30
31,Name_31,59,Seattle,72,2020-01-31
32,Name_32,45,Seattle,55,2020-02-01
33,Name_33,33,Seattle,95,2020-02-02
34,Name_34,32,Chicago,99,2020-02-03
35,Name_35,64,Chicago,93,2020-02-04
36,Name_36,61,San Francisco,92,2020-02-05
37,Name_37,20,Boston,94,2020-02-06
38,Name_38,54,New York,70,2020-02-07
39,Name_39,24,Seattle,72,2020-02-08
40,Name_40,38,San Francisco,92,2020-02-09
41,Name_41,26,New York,65,2020-02-10
42,Name_42,56,San Francisco,96,2020-02-11
43,Name_43,35,Chicago,64,2020-02-12
44,Name_44,21,Seattle,74,2020-02-13
45,Name_45,42,New York,85,2020-02-14
46,Name_46,31,New York,60,2020-02-15
47,Name_47,26,New York,64,2020-02-16
48,Name_48,43,New York,53,2020-02-17
49,Name_49,19,New York,70,2020-02-18
50,Name_50,37,San Francisco,62,2020-02-19
51,Name_51,45,Seattle,71,2020-02-20
52,Name_52,64,Chicago,68,2020-02-21
53,Name_53,24,Chicago,83,2020-02-22
54,Name_54,61,Chicago,63,2020-02-23
55,Name_55,25,Chicago,53,2020-02-24
56,Name_56,64,San Francisco,97,2020-02-25
57,Name_57,52,Boston,95,2020-02-26
58,Name_58,31,Seattle,76,2020-02-27
59,Name_59,34,New York,78,2020-02-28
60,Name_60,53,Boston,96,2020-02-29
61,Name_61,57,Chicago,77,2020-03-01
62,Name_62,21,Boston,84,2020-03-02
63,Name_63,19,Seattle,57,2020-03-03
64,Name_64,23,New York,65,2020-03-04
65,Name_65,59,New York,91,2020-03-05
66,Name_66,21,Seattle,85,2020-03-06
67,Name_67,46,Seattle,79,2020-03-07
68,Name_68,35,Chicago,67,2020-03-08
69,Name_69,43,New York,51,2020-03-09
70,Name_70,61,Boston,98,2020-03-10
71,Name_71,51,San Francisco,62,2020-03-11
72,Name_72,27,San Francisco,53,2020-03-12
73,Name_73,53,Seattle,75,2020-03-13
74,Name_74,31,Chicago,74,2020-03-14
75,Name_75,48,San Francisco,79,2020-03-15
76,Name_76,32,New York,60,2020-03-16
77,Name_77,25,Seattle,56,2020-03-17
78,Name_78,31,Boston,80,2020-03-18
79,Name_79,40,Seattle,93,2020-03-19
80,Name_80,57,Boston,59,2020-03-20
81,Name_81,38,Seattle,88,2020-03-21
82,Name_82,33,Seattle,62,2020-03-22
83,Name_83,62,Seattle,80,2020-03-23
84,Name_84,35,Boston,56,2020-03-24
85,Name_85,64,Boston,98,2020-03-25
86,Name_86,41,Seattle,91,2020-03-26
87,Name_87,43,San Francisco,91,2020-03-27
88,Name_88,42,Chicago,85,2020-03-28
89,Name_89,62,Chicago,69,2020-03-29
90,Name_90,58,Chicago,53,2020-03-30
91,Name_91,46,Boston,56,2020-03-31
92,Name_92,32,Boston,50,2020-04-01
93,Name_93,62,San Francisco,93,2020-04-02
94,Name_94,18,Chicago,94,2020-04-03
95,Name_95,42,Chicago,91,2020-04-04
96,Name_96,24,Seattle,96,2020-04-05
97,Name_97,26,Boston,62,2020-04-06
98,Name_98,41,Chicago,71,2020-04-07
99,Name_99,18,San Francisco,70,2020-04-08
100,Name_100,61,San Francisco,71,2020-04-09
101,Name_101,25,Chicago,77,2020-04-10
102,Name_102,41,Boston,58,2020-04-11
103,Name_103,28,San Francisco,75,2020-04-12
104,Name_104,34,Seattle,58,2020-04-13
105,Name_105,25,San Francisco,64,2020-04-14
106,Name_106,52,New York,59,2020-04-15
107,Name_107,52,New York,73,2020-04-16
108,Name_108,50,Boston,91,2020-04-17
109,Name_109,22,Chicago,57,2020-04-18
110,Name_110,59,Boston,73,2020-04-19
111,Name_111,56,Boston,65,2020-04-20
112,Name_112,58,Boston,98,2020-04-21
113,Name_113,45,Boston,75,2020-04-22
114,Name_114,24,Seattle,76,2020-04-23
115,Name_115,26,Seattle,86,2020-04-24
116,Name_116,25,San Francisco,53,2020-04-25
117,Name_117,29,New York,99,2020-04-26
118,Name_118,51,Boston,73,2020-04-27
119,Name_119,50,San Francisco,68,2020-04-28
120,Name_120,40,New York,85,2020-04-29
121,Name_121,41,Chicago,88,2020-04-30
122,Name_122,54,Seattle,59,2020-05-01
123,Name_123,52,New York,74,2020-05-02
124,Name_124,61,Chicago,67,2020-05-03
125,Name_125,57,New York,68,2020-05-04
126,Name_126,39,Seattle,85,2020-05-05
127,Name_127,44,Seattle,59,2020-05-06
128,Name_128,52,San Francisco,82,2020-05-07
129,Name_129,18,Boston,99,2020-05-08
130,Name_130,52,New York,54,2020-05-09
131,Name_131,54,New York,96,2020-05-10
132,Name_132,64,Chicago,98,2020-05-11
133,Name_133,31,Seattle,84,2020-05-12
134,Name_134,20,New York,93,2020-05-13
135,Name_135,18,Seattle,83,2020-05-14
136,Name_136,22,New York,82,2020-05-15
137,Name_137,43,San Francisco,70,2020-05-16
138,Name_138,31,Boston,66,2020-05-17
139,Name_139,56,New York,71,2020-05-18
140,Name_140,44,Seattle,97,2020-05-19
141,Name_141,26,San Francisco,86,2020-05-20
142,Name_142,32,New York,64,2020-05-21
143,Name_143,32,Chicago,84,2020-05-22
144,Name_144,43,Boston,77,2020-05-23
145,Name_145,59,New York,56,2020-05-24
146,Name_146,30,San Francisco,81,2020-05-25
147,Name_147,49,Chicago,60,2020-05-26
148,Name_148,56,San Francisco,59,2020-05-27
149,Name_149,49,San Francisco,58,2020-05-28
150,Name_150,21,Chicago,63,2020-05-29
151,Name_151,47,San Francisco,62,2020-05-30
152,Name_152,54,Chicago,74,2020-05-31
153,Name_153,40,New York,51,2020-06-01
154,Name_154,56,Chicago,84,2020-06-02
155,Name_155,62,Chicago,56,2020-06-03
156,Name_156,32,Boston,70,2020-06-04
157,Name_157,60,Chicago,67,2020-06-05
158,Name_158,46,Chicago,52,2020-06-06
159,Name_159,53,New York,91,2020-06-07
160,Name_160,30,Boston,88,2020-06-08
161,Name_161,49,Seattle,90,2020-06-09
162,Name_162,24,New York,98,2020-06-10
163,Name_163,39,New York,60,2020-06-11
164,Name_164,45,Seattle,88,2020-06-12
165,Name_165,19,Chicago,73,2020-06-13
166,Name_166,59,San Francisco,95,2020-06-14
167,Name_167,62,Boston,68,2020-06-15
168,Name_168,23,San Francisco,53,2020-06-16
169,Name_169,45,Seattle,75,2020-06-17
170,Name_170,45,New York,87,2020-06-18
171,Name_171,61,New York,91,2020-06-19
172,Name_172,61,Boston,81,2020-06-20
173,Name_173,37,New York,88,2020-06-21
174,Name_174,47,New York,94,2020-06-22
175,Name_175,28,Boston,95,2020-06-23
176,Name_176,45,Boston,85,2020-06-24
177,Name_177,42,Seattle,89,2020-06-25
178,Name_178,56,New York,86,2020-06-26
179,Name_179,50,New York,82,2020-06-27
180,Name_180,18,Seattle,85,2020-06-28
181,Name_181,44,Chicago,52,2020-06-29
182,Name_182,30,Chicago,58,2020-06-30
183,Name_183,58,Chicago,57,2020-07-01
184,Name_184,20,Seattle,82,2020-07-02
185,Name_185,56,New York,55,2020-07-03
186,Name_186,23,Seattle,90,2020-07-04
187,Name_187,25,Seattle,88,2020-07-05
188,Name_188,44,Chicago,53,2020-07-06
189,Name_189,26,San Francisco,62,2020-07-07
190,Name_190,54,New York,98,2020-07-08
191,Name_191,50,Chicago,51,2020-07-09
192,Name_192,59,San Francisco,54,2020-07-10
193,Name_193,61,San Francisco,93,2020-07-11
194,Name_194,41,Boston,76,2020-07-12
195,Name_195,32,New York,81,2020-07-13
196,Name_196,49,San Francisco,70,2020-07-14
197,Name_197,49,Chicago,57,2020-07-15
198,Name_198,41,Boston,87,2020-07-16
199,Name_199,58,New York,57,2020-07-17
200,Name_200,29,Seattle,99,2020-07-18
201,Name_201,56,Chicago,52,2020-07-19
202,Name_202,19,San Francisco,93,2020-07-20
203,Name_203,20,San Francisco,52,2020-07-21
204,Name_204,54,Chicago,71,2020-07-22
205,Name_205,34,San Francisco,55,2020-07-23
206,Name_206,19,Boston,51,2020-07-24
207,Name_207,19,New York,72,2020-07-25
208,Name_208,45,Boston,93,2020-07-26
209,Name_209,40,San Francisco,51,2020-07-27
210,Name_210,54,Seattle,87,2020-07-28
211,Name_211,49,New York,66,2020-07-29
212,Name_212,50,New York,84,2020-07-30
213,Name_213,18,Chicago,83,2020-07-31
214,Name_214,36,Chicago,72,2020-08-01
215,Name_215,19,Seattle,79,2020-08-02
216,Name_216,61,New York,57,2020-08-03
217,Name_217,43,Seattle,71,2020-08-04
218,Name_218,49,Chicago,93,2020-08-05
219,Name_219,23,Chicago,85,2020-08-06
220,Name_220,49,New York,54,2020-08-07
221,Name_221,21,Boston,62,2020-08-08
222,Name_222,28,San Francisco,78,2020-08-09
223,Name_223,34,Chicago,80,2020-08-10
224,Name_224,55,Chicago,96,2020-08-11
225,Name_225,41,Boston,65,2020-08-12
226,Name_226,22,Boston,91,2020-08-13
227,Name_227,51,Seattle,79,2020-08-14
228,Name_228,23,Seattle,65,2020-08-15
229,Name_229,39,San Francisco,61,2020-08-16
230,Name_230,28,San Francisco,66,2020-08-17
231,Name_231,33,New York,65,2020-08-18
232,Name_232,50,Seattle,61,2020-08-19
233,Name_233,26,Chicago,57,2020-08-20
234,Name_234,23,Seattle,69,2020-08-21
235,Name_235,33,Chicago,52,2020-08-22
236,Name_236,46,Boston,65,2020-08-23
237,Name_237,20,Seattle,79,2020-08-24
238,Name_238,37,Boston,94,2020-08-25
239,Name_239,53,San Francisco,72,2020-08-26
240,Name_240,36,San Francisco,77,2020-08-27
241,Name_241,43,New York,89,2020-08-28
242,Name_242,20,Seattle,54,2020-08-29
243,Name_243,36,Boston,69,2020-08-30
244,Name_244,37,Chicago,89,2020-08-31
245,Name_245,49,San Francisco,93,2020-09-01
246,Name_246,24,San Francisco,50,2020-09-02
247,Name_247,58,Chicago,79,2020-09-03
248,Name_248,50,Boston,70,2020-09-04
249,Name_249,57,Boston,69,2020-09-05
250,Name_250,56,Seattle,55,2020-09-06
251,Name_251,35,Seattle,71,2020-09-07
252,Name_252,57,New York,67,2020-09-08
253,Name_253,18,San Francisco,57,2020-09-09
254,Name_254,28,Seattle,88,2020-09-10
255,Name_255,45,Boston,81,2020-09-11
256,Name_256,42,Chicago,82,2020-09-12
257,Name_257,40,Boston,65,2020-09-13
258,Name_258,48,San Francisco,61,2020-09-14
259,Name_259,47,Boston,87,2020-09-15
260,Name_260,59,New York,83,2020-09-16
261,Name_261,52,San Francisco,63,2020-09-17
262,Name_262,24,Chicago,85,2020-09-18
263,Name_263,33,New York,82,2020-09-19
264,Name_264,43,San Francisco,72,2020-09-20
265,Name_265,19,Chicago,99,2020-09-21
266,Name_266,18,New York,94,2020-09-22
267,Name_267,29,New York,51,2020-09-23
268,Name_268,22,San Francisco,90,2020-09-24
269,Name_269,54,Seattle,70,2020-09-25
270,Name_270,49,New York,51,2020-09-26
271,Name_271,26,New York,76,2020-09-27
272,Name_272,58,Chicago,58,2020-09-28
273,Name_273,52,Boston,50,2020-09-29
274,Name_274,36,San Francisco,60,2020-09-30
275,Name_275,33,San Francisco,52,2020-10-01
276,Name_276,20,Seattle,72,2020-10-02
277,Name_277,37,Seattle,75,2020-10-03
278,Name_278,41,San Francisco,53,2020-10-04
279,Name_279,50,Seattle,67,2020-10-05
280,Name_280,41,Chicago,55,2020-10-06
281,Name_281,28,San Francisco,84,2020-10-07
282,Name_282,25,Seattle,71,2020-10-08
283,Name_283,53,San Francisco,92,2020-10-09
284,Name_284,55,Boston,64,2020-10-10
285,Name_285,57,New York,71,2020-10-11
286,Name_286,37,San Francisco,86,2020-10-12
287,Name_287,52,New York,91,2020-10-13
288,Name_288,42,Seattle,61,2020-10-14
289,Name_289,52,New York,96,2020-10-15
290,Name_290,42,San Francisco,98,2020-10-16
291,Name_291,46,Boston,91,2020-10-17
292,Name_292,35,Seattle,87,2020-10-18
293,Name_293,63,San Francisco,67,2020-10-19
294,Name_294,35,Seattle,94,2020-10-20
295,Name_295,19,Chicago,84,2020-10-21
296,Name_296,52,New York,79,2020-10-22
297,Name_297,33,Chicago,73,2020-10-23
298,Name_298,58,San Francisco,91,2020-10-24
299,Name_299,53,Boston,79,2020-10-25
300,Name_300,50,Seattle,63,2020-10-26
301,Name_301,21,New York,55,2020-10-27
302,Name_302,50,Seattle,52,2020-10-28
303,Name_303,31,San Francisco,65,2020-10-29
304,Name_304,38,Seattle,56,2020-10-30
305,Name_305,37,New York,63,2020-10-31
306,Name_306,25,San Francisco,58,2020-11-01
307,Name_307,24,Seattle,64,2020-11-02
308,Name_308,20,Boston,70,2020-11-03
309,Name_309,34,San Francisco,84,2020-11-04
310,Name_310,50,San Francisco,51,2020-11-05
311,Name_311,29,Boston,76,2020-11-06
312,Name_312,39,Chicago,51,2020-11-07
313,Name_313,39,New York,84,2020-11-08
314,Name_314,63,Chicago,67,2020-11-09
315,Name_315,47,Seattle,63,2020-11-10
316,Name_316,55,Boston,69,2020-11-11
317,Name_317,55,Chicago,67,2020-11-12
318,Name_318,62,San Francisco,59,2020-11-13
319,Name_319,25,Seattle,74,2020-11-14
320,Name_320,44,Seattle,51,2020-11-15
321,Name_321,44,Chicago,74,2020-11-16
322,Name_322,51,Chicago,82,2020-11-17
323,Name_323,38,Boston,85,2020-11-18
324,Name_324,47,New York,80,2020-11-19
325,Name_325,50,Chicago,63,2020-11-20
326,Name_326,45,Chicago,50,2020-11-21
327,Name_327,64,San Francisco,95,2020-11-22
328,Name_328,50,Seattle,65,2020-11-23
329,Name_329,22,New York,95,2020-11-24
330,Name_330,36,San Francisco,52,2020-11-25
331,Name_331,21,Boston,84,2020-11-26
332,Name_332,52,Boston,90,2020-11-27
333,Name_333,34,Chicago,55,2020-11-28
334,Name_334,61,Chicago,74,2020-11-29
335,Name_335,45,Boston,62,2020-11-30
336,Name_336,47,Chicago,83,2020-12-01
337,Name_337,46,New York,57,2020-12-02
338,Name_338,63,Chicago,70,2020-12-03
339,Name_339,23,Seattle,83,2020-12-04
340,Name_340,52,Chicago,53,2020-12-05
341,Name_341,58,San Francisco,74,2020-12-06
342,Name_342,54,New York,64,2020-12-07
343,Name_343,41,San Francisco,53,2020-12-08
344,Name_344,46,San Francisco,94,2020-12-09
345,Name_345,63,Seattle,61,2020-12-10
346,Name_346,48,New York,81,2020-12-11
347,Name_347,52,New York,81,2020-12-12
348,Name_348,50,New York,77,2020-12-13
349,Name_349,38,New York,62,2020-12-14
350,Name_350,49,New York,80,2020-12-15
351,Name_351,40,Seattle,63,2020-12-16
352,Name_352,50,Chicago,69,2020-12-17
353,Name_353,20,San Francisco,67,2020-12-18
354,Name_354,35,New York,78,2020-12-19
355,Name_355,42,Chicago,55,2020-12-20
356,Name_356,59,Chicago,81,2020-12-21
357,Name_357,48,San Francisco,78,2020-12-22
358,Name_358,20,Seattle,92,2020-12-23
359,Name_359,57,Boston,51,2020-12-24
360,Name_360,63,Boston,72,2020-12-25
361,Name_361,41,Chicago,68,2020-12-26
362,Name_362,49,San Francisco,80,2020-12-27
363,Name_363,64,Boston,54,2020-12-28
364,Name_364,39,Chicago,68,2020-12-29
365,Name_365,40,Seattle,83,2020-12-30
366,Name_366,19,Boston,59,2020-12-31
367,Name_367,44,Chicago,74,2021-01-01
368,Name_368,59,Chicago,51,2021-01-02
369,Name_369,19,New York,60,2021-01-03
370,Name_370,43,Seattle,99,2021-01-04
371,Name_371,34,New York,80,2021-01-05
372,Name_372,57,San Francisco,64,2021-01-06
373,Name_373,50,New York,58,2021-01-07
374,Name_374,26,New York,72,2021-01-08
375,Name_375,60,Boston,68,2021-01-09
376,Name_376,56,Chicago,58,2021-01-10
377,Name_377,46,Seattle,84,2021-01-11
378,Name_378,59,New York,70,2021-01-12
379,Name_379,43,Seattle,58,2021-01-13
380,Name_380,52,New York,77,2021-01-14
381,Name_381,42,San Francisco,95,2021-01-15
382,Name_382,41,New York,56,2021-01-16
383,Name_383,30,Boston,65,2021-01-17
384,Name_384,24,Chicago,65,2021-01-18
385,Name_385,53,San Francisco,82,2021-01-19
386,Name_386,62,New York,53,2021-01-20
387,Name_387,37,Seattle,53,2021-01-21
388,Name_388,18,San Francisco,88,2021-01-22
389,Name_389,25,San Francisco,89,2021-01-23
390,Name_390,63,New York,66,2021-01-24
391,Name_391,33,San Francisco,86,2021-01-25
392,Name_392,31,Seattle,88,2021-01-26
393,Name_393,29,San Francisco,78,2021-01-27
394,Name_394,40,Seattle,85,2021-01-28
395,Name_395,32,New York,87,2021-01-29
396,Name_396,45,Chicago,88,2021-01-30
397,Name_397,51,San Francisco,99,2021-01-31
398,Name_398,19,Chicago,86,2021-02-01
399,Name_399,49,Seattle,84,2021-02-02
400,Name_400,40,San Francisco,56,2021-02-03
401,Name_401,39,Boston,76,2021-02-04
402,Name_402,42,Chicago,77,2021-02-05
403,Name_403,39,San Francisco,71,2021-02-06
404,Name_404,39,Chicago,63,2021-02-07
405,Name_405,59,San Francisco,56,2021-02-08
406,Name_406,23,New York,86,2021-02-09
407,Name_407,32,Chicago,71,2021-02-10
408,Name_408,60,Boston,54,2021-02-11
409,Name_409,54,Boston,51,2021-02-12
410,Name_410,50,Seattle,76,2021-02-13
411,Name_411,25,San Francisco,70,2021-02-14
412,Name_412,61,Chicago,87,2021-02-15
413,Name_413,61,Seattle,64,2021-02-16
414,Name_414,22,Chicago,70,2021-02-17
415,Name_415,56,San Francisco,59,2021-02-18
416,Name_416,21,Boston,72,2021-02-19
417,Name_417,23,New York,88,2021-02-20
418,Name_418,62,Boston,54,2021-02-21
419,Name_419,49,Seattle,50,2021-02-22
420,Name_420,47,New York,62,2021-02-23
421,Name_421,64,Seattle,70,2021-02-24
422,Name_422,52,San Francisco,75,2021-02-25
423,Name_423,57,New York,99,2021-02-26
424,Name_424,33,Seattle,94,2021-02-27
425,Name_425,30,San Francisco,70,2021-02-28
426,Name_426,59,Boston,67,2021-03-01
427,Name_427,47,San Francisco,86,2021-03-02
428,Name_428,36,Chicago,94,2021-03-03
429,Name_429,34,San Francisco,81,2021-03-04
430,Name_430,36,San Francisco,85,2021-03-05
431,Name_431,45,Chicago,66,2021-03-06
432,Name_432,43,Seattle,84,2021-03-07
433,Name_433,54,Seattle,98,2021-03-08
434,Name_434,43,San Francisco,60,2021-03-09
435,Name_435,40,Chicago,70,2021-03-10
436,Name_436,26,Chicago,75,2021-03-11
437,Name_437,29,Boston,53,2021-03-12
438,Name_438,18,Seattle,83,2021-03-13
439,Name_439,18,New York,97,2021-03-14
440,Name_440,64,Seattle,67,2021-03-15
441,Name_441,51,Seattle,89,2021-03-16
442,Name_442,49,Boston,84,2021-03-17
443,Name_443,42,New York,90,2021-03-18
444,Name_444,57,Boston,78,2021-03-19
445,Name_445,62,New York,78,2021-03-20
446,Name_446,18,San Francisco,87,2021-03-21
447,Name_447,33,New York,91,2021-03-22
448,Name_448,56,Boston,70,2021-03-23
449,Name_449,22,Seattle,91,2021-03-24
450,Name_450,39,New York,62,2021-03-25
451,Name_451,46,New York,98,2021-03-26
452,Name_452,20,Chicago,90,2021-03-27
453,Name_453,29,Seattle,66,2021-03-28
454,Name_454,43,San Francisco,58,2021-03-29
455,Name_455,33,Boston,90,2021-03-30
456,Name_456,54,San Francisco,50,2021-03-31
457,Name_457,39,Seattle,51,2021-04-01
458,Name_458,46,New York,97,2021-04-02
459,Name_459,31,New York,78,2021-04-03
460,Name_460,45,Seattle,82,2021-04-04
461,Name_461,22,New York,59,2021-04-05
462,Name_462,64,New York,99,2021-04-06
463,Name_463,47,New York,89,2021-04-07
464,Name_464,63,Boston,70,2021-04-08
465,Name_465,22,Boston,77,2021-04-09
466,Name_466,29,Chicago,60,2021-04-10
467,Name_467,33,San Francisco,83,2021-04-11
468,Name_468,43,Seattle,57,2021-04-12
469,Name_469,43,Seattle,71,2021-04-13
470,Name_470,38,Seattle,57,2021-04-14
471,Name_471,56,Chicago,98,2021-04-15
472,Name_472,53,Boston,64,2021-04-16
473,Name_473,50,Chicago,66,2021-04-17
474,Name_474,47,Seattle,72,2021-04-18
475,Name_475,54,San Francisco,73,2021-04-19
476,Name_476,40,New York,94,2021-04-20
477,Name_477,27,Boston,68,2021-04-21
478,Name_478,22,Boston,54,2021-04-22
479,Name_479,53,Chicago,81,2021-04-23
480,Name_480,51,Boston,93,2021-04-24
481,Name_481,48,Seattle,50,2021-04-25
482,Name_482,27,Seattle,72,2021-04-26
483,Name_483,36,Chicago,86,2021-04-27
484,Name_484,49,Seattle,57,2021-04-28
485,Name_485,18,San Francisco,62,2021-04-29
486,Name_486,22,Chicago,57,2021-04-30
487,Name_487,62,San Francisco,72,2021-05-01
488,Name_488,21,New York,92,2021-05-02
489,Name_489,33,San Francisco,50,2021-05-03
490,Name_490,41,New York,94,2021-05-04
491,Name_491,33,New York,73,2021-05-05
492,Name_492,19,San Francisco,84,2021-05-06
493,Name_493,45,Chicago,73,2021-05-07
494,Name_494,49,Seattle,66,2021-05-08
495,Name_495,44,Seattle,54,2021-05-09
496,Name_496,37,New York,69,2021-05-10
497,Name_497,41,New York,70,2021-05-11
498,Name_498,29,Chicago,89,2021-05-12
499,Name_499,52,Boston,80,2021-05-13
500,Name_500,50,San Francisco,95,2021-05-14
501,Name_501,50,New York,85,2021-05-15
502,Name_502,60,Seattle,60,2021-05-16
503,Name_503,54,Chicago,64,2021-05-17
504,Name_504,29,San Francisco,68,2021-05-18
505,Name_505,20,Chicago,56,2021-05-19
506,Name_506,18,San Francisco,77,2021-05-20
507,Name_507,50,San Francisco,92,2021-05-21
508,Name_508,57,New York,54,2021-05-22
509,Name_509,27,Chicago,54,2021-05-23
510,Name_510,60,Chicago,79,2021-05-24
511,Name_511,61,Seattle,81,2021-05-25
512,Name_512,46,Seattle,57,2021-05-26
513,Name_513,30,New York,59,2021-05-27
514,Name_514,29,New York,87,2021-05-28
515,Name_515,48,Boston,96,2021-05-29
516,Name_516,63,Seattle,81,2021-05-30
517,Name_517,19,San Francisco,97,2021-05-31
518,Name_518,52,Chicago,77,2021-06-01
519,Name_519,40,New York,66,2021-06-02
520,Name_520,34,Chicago,80,2021-06-03
521,Name_521,43,Chicago,57,2021-06-04
522,Name_522,25,Boston,89,2021-06-05
523,Name_523,46,Seattle,74,2021-06-06
524,Name_524,43,New York,58,2021-06-07
525,Name_525,27,Chicago,51,2021-06-08
526,Name_526,43,New York,64,2021-06-09
527,Name_527,51,San Francisco,99,2021-06-10
528,Name_528,58,Boston,52,2021-06-11
529,Name_529,24,San Francisco,98,2021-06-12
530,Name_530,21,New York,85,2021-06-13
531,Name_531,62,New York,53,2021-06-14
532,Name_532,28,Seattle,63,2021-06-15
533,Name_533,46,Chicago,90,2021-06-16
534,Name_534,53,Chicago,90,2021-06-17
535,Name_535,42,San Francisco,74,2021-06-18
536,Name_536,38,Boston,99,2021-06-19
537,Name_537,53,Chicago,59,2021-06-20
538,Name_538,27,Seattle,70,2021-06-21
539,Name_539,54,San Francisco,85,2021-06-22
540,Name_540,26,San Francisco,61,2021-06-23
541,Name_541,41,Seattle,76,2021-06-24
542,Name_542,52,Boston,89,2021-06-25
543,Name_543,52,Seattle,51,2021-06-26
544,Name_544,53,Boston,62,2021-06-27
545,Name_545,35,Seattle,81,2021-06-28
546,Name_546,56,Seattle,80,2021-06-29
547,Name_547,49,New York,65,2021-06-30
548,Name_548,41,San Francisco,81,2021-07-01
549,Name_549,40,Seattle,81,2021-07-02
550,Name_550,49,Seattle,83,2021-07-03
551,Name_551,54,Chicago,60,2021-07-04
552,Name_552,29,San Francisco,59,2021-07-05
553,Name_553,30,Chicago,64,2021-07-06
554,Name_554,40,San Francisco,66,2021-07-07
555,Name_555,42,Chicago,89,2021-07-08
556,Name_556,52,Seattle,67,2021-07-09
557,Name_557,58,Seattle,58,2021-07-10
558,Name_558,47,New York,74,2021-07-11
559,Name_559,34,Chicago,89,2021-07-12
560,Name_560,37,Boston,63,2021-07-13
561,Name_561,42,New York,74,2021-07-14
562,Name_562,39,Chicago,99,2021-07-15
563,Name_563,30,Chicago,71,2021-07-16
564,Name_564,36,New York,79,2021-07-17
565,Name_565,53,Seattle,69,2021-07-18
566,Name_566,29,Chicago,70,2021-07-19
567,Name_567,58,Seattle,93,2021-07-20
568,Name_568,36,New York,81,2021-07-21
569,Name_569,29,Seattle,95,2021-07-22
570,Name_570,26,San Francisco,98,2021-07-23
571,Name_571,24,Boston,70,2021-07-24
572,Name_572,45,Chicago,84,2021-07-25
573,Name_573,31,Boston,81,2021-07-26
574,Name_574,48,Seattle,79,2021-07-27
575,Name_575,36,Chicago,88,2021-07-28
576,Name_576,64,Seattle,98,2021-07-29
577,Name_577,33,San Francisco,61,2021-07-30
578,Name_578,22,New York,90,2021-07-31
579,Name_579,52,Chicago,96,2021-08-01
580,Name_580,29,San Francisco,67,2021-08-02
581,Name_581,42,San Francisco,70,2021-08-03
582,Name_582,38,Chicago,62,2021-08-04
583,Name_583,53,Seattle,70,2021-08-05
584,Name_584,40,San Francisco,57,2021-08-06
585,Name_585,33,Boston,95,2021-08-07
586,Name_586,56,San Francisco,89,2021-08-08
587,Name_587,62,Seattle,95,2021-08-09
588,Name_588,59,Seattle,56,2021-08-10
589,Name_589,56,Boston,72,2021-08-11
590,Name_590,31,San Francisco,93,2021-08-12
591,Name_591,48,Seattle,81,2021-08-13
592,Name_592,22,Chicago,60,2021-08-14
593,Name_593,52,New York,71,2021-08-15
594,Name_594,40,New York,71,2021-08-16
595,Name_595,46,New York,92,2021-08-17
596,Name_596,60,San Francisco,74,2021-08-18
597,Name_597,28,Boston,71,2021-08-19
598,Name_598,35,Seattle,77,2021-08-20
599,Name_599,64,Chicago,78,2021-08-21
600,Name_600,29,Chicago,62,2021-08-22
601,Name_601,26,San Francisco,67,2021-08-23
602,Name_602,27,New York,51,2021-08-24
603,Name_603,61,San Francisco,78,2021-08-25
604,Name_604,34,Boston,70,2021-08-26
605,Name_605,55,Boston,64,2021-08-27
606,Name_606,24,Seattle,76,2021-08-28
607,Name_607,63,Seattle,99,2021-08-29
608,Name_608,30,Boston,80,2021-08-30
609,Name_609,57,Boston,64,2021-08-31
610,Name_610,59,Boston,72,2021-09-01
611,Name_611,26,San Francisco,73,2021-09-02
612,Name_612,44,Boston,93,2021-09-03
613,Name_613,19,Chicago,62,2021-09-04
614,Name_614,22,New York,71,2021-09-05
615,Name_615,46,Boston,92,2021-09-06
616,Name_616,54,New York,86,2021-09-07
617,Name_617,55,San Francisco,82,2021-09-08
618,Name_618,36,New York,52,2021-09-09
619,Name_619,25,San Francisco,68,2021-09-10
620,Name_620,62,Chicago,72,2021-09-11
621,Name_621,18,San Francisco,78,2021-09-12
622,Name_622,39,San Francisco,79,2021-09-13
623,Name_623,34,Seattle,88,2021-09-14
624,Name_624,24,Boston,93,2021-09-15
625,Name_625,42,Boston,96,2021-09-16
626,Name_626,62,Chicago,74,2021-09-17
627,Name_627,21,Chicago,86,2021-09-18
628,Name_628,53,Boston,96,2021-09-19
629,Name_629,23,Seattle,57,2021-09-20
630,Name_630,48,Boston,91,2021-09-21
631,Name_631,36,Seattle,65,2021-09-22
632,Name_632,61,Chicago,57,2021-09-23
633,Name_633,56,New York,50,2021-09-24
634,Name_634,44,Chicago,93,2021-09-25
635,Name_635,27,Chicago,54,2021-09-26
636,Name_636,43,San Francisco,52,2021-09-27
637,Name_637,36,San Francisco,50,2021-09-28
638,Name_638,56,San Francisco,53,2021-09-29
639,Name_639,20,San Francisco,89,2021-09-30
640,Name_640,62,Seattle,84,2021-10-01
641,Name_641,30,Boston,81,2021-10-02
642,Name_642,45,New York,91,2021-10-03
643,Name_643,37,Chicago,83,2021-10-04
644,Name_644,45,Seattle,92,2021-10-05
645,Name_645,25,New York,74,2021-10-06
646,Name_646,58,Seattle,59,2021-10-07
647,Name_647,56,Seattle,70,2021-10-08
648,Name_648,18,Chicago,95,2021-10-09
649,Name_649,20,Boston,88,2021-10-10
650,Name_650,30,San Francisco,76,2021-10-11
651,Name_651,45,Boston,76,2021-10-12
652,Name_652,42,Chicago,51,2021-10-13
653,Name_653,50,Chicago,90,2021-10-14
654,Name_654,55,Chicago,97,2021-10-15
655,Name_655,23,New York,62,2021-10-16
656,Name_656,61,Boston,58,2021-10-17
657,Name_657,62,Boston,85,2021-10-18
658,Name_658,49,Seattle,71,2021-10-19
659,Name_659,62,Seattle,91,2021-10-20
660,Name_660,64,Seattle,75,2021-10-21
661,Name_661,38,Chicago,61,2021-10-22
662,Name_662,33,Boston,66,2021-10-23
663,Name_663,38,Chicago,63,2021-10-24
664,Name_664,28,New York,63,2021-10-25
665,Name_665,54,Seattle,83,2021-10-26
666,Name_666,53,Chicago,69,2021-10-27
667,Name_667,52,Chicago,60,2021-10-28
668,Name_668,36,New York,65,2021-10-29
669,Name_669,37,San Francisco,80,2021-10-30
670,Name_670,35,Boston,55,2021-10-31
671,Name_671,64,San Francisco,68,2021-11-01
672,Name_672,58,Seattle,86,2021-11-02
673,Name_673,31,Chicago,53,2021-11-03
674,Name_674,32,New York,96,2021-11-04
675,Name_675,48,New York,53,2021-11-05
676,Name_676,18,Boston,69,2021-11-06
677,Name_677,20,San Francisco,59,2021-11-07
678,Name_678,33,Boston,73,2021-11-08
679,Name_679,40,Chicago,84,2021-11-09
680,Name_680,28,Boston,75,2021-11-10
681,Name_681,29,New York,86,2021-11-11
682,Name_682,27,New York,87,2021-11-12
683,Name_683,49,Seattle,70,2021-11-13
684,Name_684,33,Seattle,89,2021-11-14
685,Name_685,25,Chicago,88,2021-11-15
686,Name_686,55,San Francisco,70,2021-11-16
687,Name_687,29,Boston,59,2021-11-17
688,Name_688,41,Chicago,87,2021-11-18
689,Name_689,45,Seattle,95,2021-11-19
690,Name_690,25,Boston,53,2021-11-20
691,Name_691,45,Seattle,94,2021-11-21
692,Name_692,53,Boston,69,2021-11-22
693,Name_693,43,San Francisco,66,2021-11-23
694,Name_694,25,Chicago,56,2021-11-24
695,Name_695,45,Boston,53,2021-11-25
696,Name_696,45,New York,78,2021-11-26
697,Name_697,54,New York,63,2021-11-27
698,Name_698,58,Boston,52,2021-11-28
699,Name_699,53,Boston,73,2021-11-29
700,Name_700,44,Boston,86,2021-11-30
701,Name_701,34,New York,65,2021-12-01
702,Name_702,26,New York,53,2021-12-02
703,Name_703,50,Boston,73,2021-12-03
704,Name_704,37,Seattle,83,2021-12-04
705,Name_705,30,Seattle,79,2021-12-05
706,Name_706,45,San Francisco,67,2021-12-06
707,Name_707,46,Chicago,68,2021-12-07
708,Name_708,30,Seattle,80,2021-12-08
709,Name_709,63,New York,68,2021-12-09
710,Name_710,52,Seattle,98,2021-12-10
711,Name_711,23,San Francisco,95,2021-12-11
712,Name_712,35,San Francisco,68,2021-12-12
713,Name_713,22,Chicago,71,2021-12-13
714,Name_714,64,Seattle,73,2021-12-14
715,Name_715,42,New York,94,2021-12-15
716,Name_716,19,New York,61,2021-12-16
717,Name_717,27,Boston,79,2021-12-17
718,Name_718,47,New York,87,2021-12-18
719,Name_719,62,Chicago,80,2021-12-19
720,Name_720,22,Chicago,85,2021-12-20
721,Name_721,50,New York,68,2021-12-21
722,Name_722,18,New York,97,2021-12-22
723,Name_723,35,Boston,94,2021-12-23
724,Name_724,49,New York,85,2021-12-24
725,Name_725,64,Boston,79,2021-12-25
726,Name_726,28,Boston,98,2021-12-26
727,Name_727,38,New York,82,2021-12-27
728,Name_728,43,San Francisco,67,2021-12-28
729,Name_729,42,San Francisco,98,2021-12-29
730,Name_730,39,Boston,77,2021-12-30
731,Name_731,44,New York,96,2021-12-31
732,Name_732,30,San Francisco,60,2022-01-01
733,Name_733,50,New York,94,2022-01-02
734,Name_734,51,New York,82,2022-01-03
735,Name_735,58,New York,66,2022-01-04
736,Name_736,52,Seattle,55,2022-01-05
737,Name_737,18,New York,53,2022-01-06
738,Name_738,38,Seattle,69,2022-01-07
739,Name_739,23,Boston,97,2022-01-08
740,Name_740,45,San Francisco,96,2022-01-09
741,Name_741,34,San Francisco,76,2022-01-10
742,Name_742,22,San Francisco,64,2022-01-11
743,Name_743,48,San Francisco,55,2022-01-12
744,Name_744,22,San Francisco,96,2022-01-13
745,Name_745,55,San Francisco,63,2022-01-14
746,Name_746,20,San Francisco,60,2022-01-15
747,Name_747,40,Boston,88,2022-01-16
748,Name_748,54,New York,58,2022-01-17
749,Name_749,54,Chicago,75,2022-01-18
750,Name_750,27,Seattle,65,2022-01-19
751,Name_751,27,Chicago,54,2022-01-20
752,Name_752,36,Chicago,59,2022-01-21
753,Name_753,34,New York,99,2022-01-22
754,Name_754,38,New York,52,2022-01-23
755,Name_755,31,New York,62,2022-01-24
756,Name_756,26,San Francisco,92,2022-01-25
757,Name_757,63,Boston,98,2022-01-26
758,Name_758,18,San Francisco,79,2022-01-27
759,Name_759,62,Boston,94,2022-01-28
760,Name_760,30,Boston,55,2022-01-29
761,Name_761,21,Chicago,66,2022-01-30
762,Name_762,18,Chicago,94,2022-01-31
763,Name_763,57,Boston,68,2022-02-01
764,Name_764,49,Boston,91,2022-02-02
765,Name_765,51,San Francisco,84,2022-02-03
766,Name_766,45,San Francisco,95,2022-02-04
767,Name_767,48,Chicago,75,2022-02-05
768,Name_768,25,New York,54,2022-02-06
769,Name_769,56,Boston,78,2022-02-07
770,Name_770,43,San Francisco,86,2022-02-08
771,Name_771,51,Chicago,69,2022-02-09
772,Name_772,20,San Francisco,98,2022-02-10
773,Name_773,29,Boston,70,2022-02-11
774,Name_774,18,Boston,59,2022-02-12
775,Name_775,61,Seattle,54,2022-02-13
776,Name_776,22,New York,85,2022-02-14
777,Name_777,47,Seattle,55,2022-02-15
778,Name_778,47,Chicago,75,2022-02-16
779,Name_779,34,San Francisco,53,2022-02-17
780,Name_780,64,Chicago,88,2022-02-18
781,Name_781,40,Boston,88,2022-02-19
782,Name_782,32,Seattle,99,2022-02-20
783,Name_783,54,Seattle,84,2022-02-21
784,Name_784,38,Seattle,50,2022-02-22
785,Name_785,31,Chicago,73,2022-02-23
786,Name_786,19,Boston,85,2022-02-24
787,Name_787,28,San Francisco,55,2022-02-25
788,Name_788,56,San Francisco,90,2022-02-26
789,Name_789,55,Chicago,95,2022-02-27
790,Name_790,51,Seattle,93,2022-02-28
791,Name_791,55,New York,80,2022-03-01
792,Name_792,51,Chicago,69,2022-03-02
793,Name_793,35,Chicago,73,2022-03-03
794,Name_794,47,Boston,74,2022-03-04
795,Name_795,32,San Francisco,85,2022-03-05
796,Name_796,44,Chicago,70,2022-03-06
797,Name_797,51,Chicago,79,2022-03-07
798,Name_798,55,Seattle,73,2022-03-08
799,Name_799,50,Seattle,93,2022-03-09
800,Name_800,41,New York,91,2022-03-10
801,Name_801,32,Boston,79,2022-03-11
802,Name_802,47,New York,71,2022-03-12
803,Name_803,59,Seattle,77,2022-03-13
804,Name_804,34,San Francisco,56,2022-03-14
805,Name_805,22,Seattle,84,2022-03-15
806,Name_806,46,Boston,77,2022-03-16
807,Name_807,21,Seattle,63,2022-03-17
808,Name_808,27,Boston,59,2022-03-18
809,Name_809,34,Boston,65,2022-03-19
810,Name_810,27,Boston,65,2022-03-20
811,Name_811,34,Boston,80,2022-03-21
812,Name_812,37,Boston,91,2022-03-22
813,Name_813,41,San Francisco,74,2022-03-23
814,Name_814,22,New York,62,2022-03-24
815,Name_815,51,Chicago,55,2022-03-25
816,Name_816,23,New York,93,2022-03-26
817,Name_817,19,Boston,58,2022-03-27
818,Name_818,30,San Francisco,94,2022-03-28
819,Name_819,60,Seattle,85,2022-03-29
820,Name_820,60,San Francisco,92,2022-03-30
821,Name_821,28,Boston,69,2022-03-31
822,Name_822,64,San Francisco,67,2022-04-01
823,Name_823,40,San Francisco,92,2022-04-02
824,Name_824,33,Boston,70,2022-04-03
825,Name_825,48,San Francisco,53,2022-04-04
826,Name_826,28,Chicago,99,2022-04-05
827,Name_827,33,Chicago,82,2022-04-06
828,Name_828,25,San Francisco,76,2022-04-07
829,Name_829,21,Seattle,56,2022-04-08
830,Name_830,57,Boston,55,2022-04-09
831,Name_831,21,Chicago,64,2022-04-10
832,Name_832,42,Seattle,67,2022-04-11
833,Name_833,20,San Francisco,81,2022-04-12
834,Name_834,49,Seattle,60,2022-04-13
835,Name_835,20,New York,69,2022-04-14
836,Name_836,44,Chicago,73,2022-04-15
837,Name_837,46,San Francisco,64,2022-04-16
838,Name_838,49,Boston,97,2022-04-17
839,Name_839,36,San Francisco,56,2022-04-18
840,Name_840,38,Boston,70,2022-04-19
841,Name_841,22,San Francisco,91,2022-04-20
842,Name_842,35,Seattle,75,2022-04-21
843,Name_843,45,Seattle,93,2022-04-22
844,Name_844,59,Seattle,63,2022-04-23
845,Name_845,39,New York,86,2022-04-24
846,Name_846,38,Boston,70,2022-04-25
847,Name_847,23,Seattle,67,2022-04-26
848,Name_848,18,New York,54,2022-04-27
849,Name_849,22,Boston,52,2022-04-28
850,Name_850,58,San Francisco,72,2022-04-29
851,Name_851,29,New York,75,2022-04-30
852,Name_852,43,Chicago,86,2022-05-01
853,Name_853,63,New York,73,2022-05-02
854,Name_854,51,New York,98,2022-05-03
855,Name_855,31,Boston,68,2022-05-04
856,Name_856,43,San Francisco,74,2022-05-05
857,Name_857,62,Chicago,70,2022-05-06
858,Name_858,44,Seattle,61,2022-05-07
859,Name_859,26,Seattle,90,2022-05-08
860,Name_860,43,New York,82,2022-05-09
861,Name_861,64,Boston,99,2022-05-10
862,Name_862,39,Boston,53,2022-05-11
863,Name_863,64,Seattle,91,2022-05-12
864,Name_864,47,Chicago,56,2022-05-13
865,Name_865,60,San Francisco,71,2022-05-14
866,Name_866,34,Chicago,82,2022-05-15
867,Name_867,43,San Francisco,66,2022-05-16
868,Name_868,53,Seattle,73,2022-05-17
869,Name_869,18,San Francisco,83,2022-05-18
870,Name_870,25,Boston,77,2022-05-19
871,Name_871,52,New York,92,2022-05-20
872,Name_872,32,New York,90,2022-05-21
873,Name_873,64,Seattle,88,2022-05-22
874,Name_874,39,Boston,71,2022-05-23
875,Name_875,31,Chicago,98,2022-05-24
876,Name_876,43,Boston,66,2022-05-25
877,Name_877,45,New York,83,2022-05-26
878,Name_878,40,New York,55,2022-05-27
879,Name_879,31,Boston,95,2022-05-28
880,Name_880,41,Boston,55,2022-05-29
881,Name_881,19,New York,83,2022-05-30
882,Name_882,62,Chicago,50,2022-05-31
883,Name_883,43,Seattle,59,2022-06-01
884,Name_884,31,Seattle,70,2022-06-02
885,Name_885,24,Boston,54,2022-06-03
886,Name_886,20,Seattle,51,2022-06-04
887,Name_887,64,New York,71,2022-06-05
888,Name_888,40,New York,97,2022-06-06
889,Name_889,63,Boston,51,2022-06-07
890,Name_890,60,Boston,59,2022-06-08
891,Name_891,64,Boston,83,2022-06-09
892,Name_892,62,Chicago,65,2022-06-10
893,Name_893,35,Seattle,97,2022-06-11
894,Name_894,55,Boston,88,2022-06-12
895,Name_895,52,San Francisco,71,2022-06-13
896,Name_896,32,San Francisco,61,2022-06-14
897,Name_897,42,New York,73,2022-06-15
898,Name_898,54,Seattle,96,2022-06-16
899,Name_899,45,Boston,89,2022-06-17
900,Name_900,27,San Francisco,87,2022-06-18
901,Name_901,56,Seattle,59,2022-06-19
902,Name_902,34,New York,84,2022-06-20
903,Name_903,56,Chicago,98,2022-06-21
904,Name_904,39,Seattle,81,2022-06-22
905,Name_905,43,Seattle,56,2022-06-23
906,Name_906,61,Chicago,70,2022-06-24
907,Name_907,42,Seattle,69,2022-06-25
908,Name_908,34,New York,75,2022-06-26
909,Name_909,30,New York,53,2022-06-27
910,Name_910,37,Chicago,95,2022-06-28
911,Name_911,42,Boston,71,2022-06-29
912,Name_912,21,San Francisco,64,2022-06-30
913,Name_913,27,Boston,89,2022-07-01
914,Name_914,20,Seattle,70,2022-07-02
915,Name_915,58,San Francisco,64,2022-07-03
916,Name_916,62,Chicago,71,2022-07-04
917,Name_917,35,Chicago,77,2022-07-05
918,Name_918,64,San Francisco,63,2022-07-06
919,Name_919,53,New York,76,2022-07-07
920,Name_920,64,San Francisco,90,2022-07-08
921,Name_921,39,Seattle,89,2022-07-09
922,Name_922,51,New York,77,2022-07-10
923,Name_923,64,Chicago,75,2022-07-11
924,Name_924,25,San Francisco,98,2022-07-12
925,Name_925,57,Boston,51,2022-07-13
926,Name_926,61,Boston,74,2022-07-14
927,Name_927,36,Seattle,52,2022-07-15
928,Name_928,59,Boston,57,2022-07-16
929,Name_929,58,San Francisco,93,2022-07-17
930,Name_930,54,San Francisco,82,2022-07-18
931,Name_931,23,Boston,91,2022-07-19
932,Name_932,43,San Francisco,84,2022-07-20
933,Name_933,51,Seattle,55,2022-07-21
934,Name_934,62,New York,88,2022-07-22
935,Name_935,23,Seattle,72,2022-07-23
936,Name_936,54,Seattle,74,2022-07-24
937,Name_937,50,San Francisco,99,2022-07-25
938,Name_938,39,New York,92,2022-07-26
939,Name_939,38,San Francisco,68,2022-07-27
940,Name_940,23,Chicago,54,2022-07-28
941,Name_941,23,San Francisco,60,2022-07-29
942,Name_942,21,San Francisco,61,2022-07-30
943,Name_943,47,San Francisco,59,2022-07-31
944,Name_944,28,New York,57,2022-08-01
945,Name_945,47,San Francisco,73,2022-08-02
946,Name_946,48,New York,77,2022-08-03
947,Name_947,41,Boston,90,2022-08-04
948,Name_948,26,Chicago,85,2022-08-05
949,Name_949,20,New York,86,2022-08-06
950,Name_950,48,Boston,70,2022-08-07
951,Name_951,57,New York,57,2022-08-08
952,Name_952,54,New York,58,2022-08-09
953,Name_953,53,Chicago,96,2022-08-10
954,Name_954,41,Seattle,64,2022-08-11
955,Name_955,48,Seattle,97,2022-08-12
956,Name_956,23,New York,95,2022-08-13
957,Name_957,19,San Francisco,89,2022-08-14
958,Name_958,37,Boston,67,2022-08-15
959,Name_959,45,San Francisco,91,2022-08-16
960,Name_960,28,San Francisco,69,2022-08-17
961,Name_961,21,New York,55,2022-08-18
962,Name_962,32,New York,61,2022-08-19
963,Name_963,23,New York,51,2022-08-20
964,Name_964,47,New York,56,2022-08-21
965,Name_965,55,Seattle,65,2022-08-22
966,Name_966,19,New York,52,2022-08-23
967,Name_967,32,Seattle,94,2022-08-24
968,Name_968,28,Seattle,52,2022-08-25
969,Name_969,25,New York,76,2022-08-26
970,Name_970,43,Chicago,99,2022-08-27
971,Name_971,62,Boston,92,2022-08-28
972,Name_972,61,San Francisco,89,2022-08-29
973,Name_973,22,Seattle,87,2022-08-30
974,Name_974,23,Boston,82,2022-08-31
975,Name_975,43,Chicago,77,2022-09-01
976,Name_976,21,San Francisco,50,2022-09-02
977,Name_977,36,San Francisco,57,2022-09-03
978,Name_978,37,Seattle,86,2022-09-04
979,Name_979,50,New York,81,2022-09-05
980,Name_980,37,Chicago,97,2022-09-06
981,Name_981,29,Seattle,92,2022-09-07
982,Name_982,64,Chicago,86,2022-09-08
983,Name_983,18,New York,53,2022-09-09
984,Name_984,43,New York,79,2022-09-10
985,Name_985,31,Seattle,55,2022-09-11
986,Name_986,55,New York,95,2022-09-12
987,Name_987,54,Boston,68,2022-09-13
988,Name_988,28,San Francisco,81,2022-09-14
989,Name_989,53,Seattle,58,2022-09-15
990,Name_990,30,Chicago,61,2022-09-16
991,Name_991,60,Boston,60,2022-09-17
992,Name_992,20,Seattle,95,2022-09-18
993,Name_993,50,New York,65,2022-09-19
994,Name_994,23,New York,50,2022-09-20
995,Name_995,27,New York,94,2022-09-21
996,Name_996,22,New York,70,2022-09-22
997,Name_997,40,Chicago,79,2022-09-23
998,Name_998,27,Boston,62,2022-09-24
999,Name_999,61,San Francisco,83,2022-09-25
1000,Name_1000,19,Chicago,53,2022-09-26
